,0
said,666
that,531
is,382
be,340
internet,316
by,304
with,292
it,267
would,255
but,253
have,240
as,238
banks,236
from,229
not,220
will,210
are,204
an,188
we,180
companies,174
new,165
congress,162
encryption,149
has,134
administration,134
this,131
committee,129
some,126
export,126
banking,124
they,122
more,120
under,117
credit,117
one,116
plan,115
year,113
financial,112
was,112
he,112
which,111
other,110
also,110
could,108
federal,107
their,106
government,105
should,103
bill,102
bank,101
securities,99
insurance,97
its,96
commerce,96
percent,95
most,94
policy,94
about,93
last,93
software,92
u.s.,91
firms,90
key,89
if,87
such,85
who,84
computer,83
information,81
over,79
products,79
had,78
industry,77
were,76
access,76
up,74
fed,73
law,72
all,71
online,68
clinton,68
rules,66
while,66
communications,66
group,66
allow,66
president,65
use,64
allowing,64
court,64
two,63
out,62
network,62
commercial,62
only,61
been,60
than,60
can,59
house,59
proposal,58
services,56
association,56
legislation,56
company,55
web,55
international,55
system,54
laws,54
issue,54
chairman,53
market,53
director,52
consumers,52
there,50
names,50
added,49
may,49
after,49
time,49
act,49
rubin,49
million,48
when,48
--,48
data,48
department,48
officials,48
society,48
business,47
recovery,47
i,46
people,46
now,46
many,45
members,45
service,45
already,45
technology,45
allowed,45
commission,44
report,44
national,44
like,44
no,44
still,43
republican,43
reform,43
current,43
wednesday,43
corp.,43
do,42
regulators,42
bankers,42
regulation,41
foreign,41
draft,41
consumer,41
providers,40
site,40
security,40
treasury,40
n't,39
according,39
including,39
without,39
inc.,39
address,38
very,38
week,38
approach,38
senate,37
're,37
phone,37
own,37
union,37
any,36
number,36
issues,36
tuesday,35
public,35
what,35
electronic,35
groups,35
example,35
his,34
reserve,34
first,34
office,34
bills,34
currency,34
expected,34
next,34
standards,33
legislators,33
fees,33
into,33
told,33
billion,33
unions,33
hearing,32
few,32
global,32
net,32
firm,32
before,32
another,32
states,32
leach,32
introduced,32
keys,32
exchange,31
several,31
world,31
you,31
mixing,31
secretary,31
using,30
likely,30
202-898-8312,30
much,30
well,30
restrictions,30
opposed,30
privacy,30
down,30
domains,30
cftc,30
case,29
private,29
problem,29
limits,29
congressional,29
largest,29
addresses,29
trading,29
month,28
those,28
years,28
corp,28
vice,28
local,28
derivatives,27
does,27
even,27
lawmakers,27
activity,27
non-financial,27
limited,27
top-level,27
authority,27
executive,26
just,26
similiar,26
did,26
top,26
way,26
end,26
debate,26
businesses,26
card,26
existing,26
both,25
america,25
earlier,25
vote,25
where,25
since,25
greenspan,25
need,25
others,25
used,25
computers,25
american,25
state,25
institutions,25
strong,25
subcommittee,24
decision,24
letter,24
come,24
put,24
although,24
our,24
trade,24
activities,24
meeting,24
take,24
features,24
amendment,24
supreme,24
countries,24
amp,23
months,23
around,23
through,23
users,23
solutions,23
sites,23
might,23
because,23
password,23
25,23
sector,23
domain,23
within,23
2000,23
d'amato,23
agencies,23
telephone,23
atms,23
friday,23
glass-steagall,23
revenue,23
board,22
futures,22
problems,22
think,22
made,22
comment,22
being,22
action,22
provide,22
lines,22
move,22
found,22
control,22
growth,22
underwriting,22
william,22
controversial,22
continue,22
section,22
commodity,21
must,21
major,21
instead,21
study,21
robert,21
so,21
enforcement,21
go,21
advocates,21
include,21
growing,21
20,21
big,21
general,21
disputes,21
name,21
make,20
among,20
three,20
until,20
same,20
get,20
pay,20
systems,20
between,20
programs,20
unreadable,20
10,20
combine,20
see,20
these,20
numbers,20
barriers,20
registration,20
working,19
representatives,19
better,19
able,19
called,19
spokesman,19
past,19
different,19
keep,19
set,19
long,19
announced,19
've,19
small,19
argued,19
urged,19
combinations,19
level,19
survey,19
john,19
warned,19
change,19
counsel,19
them,18
agency,18
potential,18
thursday,18
making,18
going,18
render,18
cyberspace,18
available,18
impose,18
needs,18
say,18
property,18
interest,18
competition,18
heath,18
whether,17
democrat,17
almost,17
proposed,17
passed,17
against,17
important,17
traffic,17
second,17
how,17
real,17
known,17
support,17
rep.,17
permitted,17
quarter,17
loans,17
comptroller,17
order,17
courts,17
reinsch,17
justice,17
currently,17
surcharge,17
considering,17
sales,17
goodlatte,17
savings,17
dunn,17
based,16
sen.,16
management,16
foundation,16
research,16
free,16
here,16
scramble,16
measure,16
want,16
markets,16
possible,16
further,16
effect,16
crack,16
intellectual,16
policies,16
forward,16
plans,16
member,16
microsoft,16
legal,16
efforts,16
senior,16
economic,16
trust,16
1997,16
speech,16
protect,16
value,15
100,15
chief,15
regulations,15
representative,15
january,15
march,15
increase,15
add,15
each,15
got,15
e-mail,15
create,15
encoding,15
industries,15
compete,15
judiciary,15
however,15
capital,15
place,15
difficult,15
continued,15
areas,15
process,15
getting,15
monday,15
soon,15
customers,15
endorsed,15
money,15
interests,15
subsidiaries,15
so-called,15
final,15
tax,15
guidelines,15
issued,14
proposals,14
risk,14
agree,14
us,14
previous,14
nation,14
work,14
common,14
favour,14
smaller,14
force,14
programmes,14
require,14
telecommunications,14
measures,14
united,14
caucus,14
mail,14
staffer,14
consensus,14
jim,14
roukema,14
criminals,14
oppose,14
position,14
netscape,14
decode,14
atm,14
everything,14
right,14
approved,14
alliance,14
ahead,14
then,14
senators,13
options,13
involved,13
concerns,13
decided,13
central,13
wrote,13
staff,13
demand,13
project,13
mci,13
moving,13
sun,13
hours,13
back,13
1996,13
area,13
http,13
part,13
little,13
separating,13
iowa,13
limit,13
cap,13
1,13
machines,13
experts,13
risks,13
product,13
fee,13
surcharges,13
yet,13
early,13
cost,13
legislative,13
needed,13
council,13
hawke,13
governing,13
released,13
lower,13
studies,13
instruments,12
stock,12
took,12
every,12
record,12
jackson,12
noted,12
virginia,12
science,12
run,12
increased,12
usage,12
recently,12
development,12
york,12
less,12
calls,12
wide,12
coalition,12
burns,12
messages,12
white,12
testimony,12
investment,12
regulator,12
become,12
once,12
stronger,12
terrorists,12
letters,12
relax,12
along,12
controls,12
fund,12
funds,12
revenues,12
social,12
february,12
trademark,12
charges,12
t,12
ncua,12
street,12
1974,12
whose,11
price,11
adopted,11
my,11
came,11
too,11
recent,11
changes,11
civil,11
four,11
asked,11
district,11
taken,11
inc,11
april,11
seen,11
often,11
great,11
lot,11
economy,11
remain,11
times,11
favor,11
senator,11
later,11
paul,11
regulatory,11
total,11
during,11
component,11
enacted,11
codes,11
hear,11
statement,11
deposit,11
costs,11
transactions,11
stored,11
drive,11
conference,11
agreed,11
task,11
unveiled,11
interview,11
reuters,11
having,11
seven,11
met,11
expand,11
organisation,11
leading,11
weeks,11
dramatically,11
relations,11
volcker,11
off,11
ruling,11
long-distance,11
losses,10
reduce,10
faircloth,10
concern,10
required,10
never,10
investors,10
gonzalez,10
paid,10
additional,10
day,10
speed,10
look,10
offer,10
head,10
average,10
ability,10
home,10
staffers,10
democracy,10
post,10
previously,10
offered,10
large,10
basket,10
looking,10
cards,10
began,10
ludwig,10
raise,10
'll,10
opponents,10
raised,10
substantial,10
designed,10
avoid,10
ago,10
future,10
charged,10
protecting,10
considered,10
good,10
bond,10
1933,10
deal,10
effort,10
ready,10
helps,10
com,10
agents,10
registered,10
oversee,10
generally,10
notice,10
comments,10
included,10
attempt,10
strongly,10
overhaul,10
meet,10
co.,10
poll,10
harris,10
imposed,10
single,10
rule,9
accounting,9
1994,9
bankruptcy,9
capitol,9
charging,9
north,9
carolina,9
focus,9
always,9
texas,9
beginning,9
clear,9
declined,9
despite,9
step,9
appeared,9
thousands,9
mark,9
1995,9
networks,9
late,9
setting,9
solution,9
page,9
sending,9
amount,9
trying,9
domestic,9
press,9
sen,9
washington,9
behind,9
question,9
paper,9
related,9
marge,9
greater,9
various,9
six,9
country,9
hoped,9
rates,9
critical,9
bob,9
david,9
governments,9
try,9
mortgage,9
nature,9
unless,9
sybase,9
october,9
news,9
provision,9
develop,9
bonds,9
lending,9
august,9
today,9
hope,9
reporters,9
thing,9
certain,9
kinds,9
she,9
pledged,9
charter,9
telage,9
hackers,9
eckert,9
powerful,9
register,9
containing,9
compromise,9
june,9
lobbyists,9
mutual,9
boost,9
generation,9
significant,9
fraud,9
selling,9
judge,9
sec,8
approaches,8
concerned,8
addressed,8
investments,8
enough,8
executives,8
directly,8
quite,8
understand,8
appropriate,8
former,8
away,8
digital,8
capacity,8
technical,8
across,8
says,8
california,8
high,8
entire,8
best,8
popular,8
begin,8
rather,8
holding,8
message,8
broad,8
abroad,8
regulated,8
competitors,8
leahy,8
beyond,8
special,8
opposition,8
findings,8
debt,8
grow,8
disappointed,8
allows,8
full,8
3,8
centre,8
analysts,8
31,8
increasingly,8
includes,8
code,8
non-profit,8
defence,8
tom,8
sent,8
asking,8
permission,8
mierzwinski,8
40,8
derivative,8
challenge,8
merger,8
reach,8
longer,8
subsidiary,8
actions,8
eliminate,8
eliminating,8
28,8
reforms,8
operating,8
horn,8
war,8
backed,8
adult,8
maintained,8
immediately,8
recommended,8
strict,8
protection,8
voted,8
jurisdiction,8
pressure,8
percentage,8
"1,000",8
owned,8
fields,8
outlined,8
contain,8
playing,8
suggest,8
wall,8
praised,8
membership,8
litan,8
fcc,8
selwyn,8
dryden,8
hill,7
properly,7
direction,7
affect,7
apply,7
corporate,7
power,7
henry,7
discrimination,7
filed,7
primary,7
jan.,7
columbia,7
five,7
host,7
technologies,7
hold,7
user,7
pages,7
sponsored,7
rate,7
live,7
school,7
microsystems,7
reports,7
created,7
montana,7
marketplace,7
larry,7
air,7
voters,7
85,7
planning,7
co-chairman,7
rick,7
send,7
interested,7
seiger,7
center,7
side,7
jersey,7
rep,7
chase,7
portion,7
seems,7
latest,7
accounts,7
given,7
goal,7
loan,7
prevent,7
decisions,7
third,7
period,7
incorporate,7
catch,7
obtained,7
sides,7
grown,7
running,7
seeking,7
spokeswoman,7
300,7
worldwide,7
received,7
database,7
parenty,7
nothing,7
non-customers,7
teller,7
plus,7
decide,7
don,7
smart,7
currencies,7
lawyers,7
perhaps,7
far,7
participants,7
help,7
framework,7
alex,7
brown,7
petrou,7
decade,7
larocco,7
lobbyist,7
earn,7
firewalls,7
criticism,7
dealing,7
5,7
millions,7
assessment,7
7,7
assigned,7
arbitration,7
trademarked,7
donald,7
pretty,7
herndon,7
miller,7
lack,7
encrypted,7
conflicting,7
libertarians,7
led,7
momentum,7
wrong,7
view,7
unlimited,7
benefit,7
thrifts,7
cryptography,7
eventually,7
field,7
review,7
non-bank,7
schools,7
institute,7
taxation,7
attorney,7
magaziner,7
bell,7
protected,7
complex,6
charge,6
gramm,6
engage,6
aaron,6
alan,6
illinois,6
rights,6
15,6
employees,6
democratic,6
programme,6
infrastructure,6
together,6
nsf,6
equipment,6
exchanges,6
hopes,6
japan,6
sound,6
open,6
priority,6
basic,6
payments,6
standard,6
delay,6
30,6
conrad,6
james,6
opposes,6
moves,6
posted,6
give,6
personal,6
answer,6
type,6
done,6
depression-era,6
ordinary,6
richard,6
baker,6
contained,6
oversight,6
eight,6
suggested,6
least,6
initially,6
equity,6
reported,6
oversees,6
safety,6
days,6
changed,6
hands,6
argue,6
consideration,6
criminal,6
critics,6
berman,6
alfonse,6
spend,6
december,6
exported,6
feature,6
gaining,6
form,6
quickly,6
hard,6
kind,6
something,6
sell,6
rise,6
visa,6
27,6
imposing,6
higher,6
benefits,6
fraudulent,6
probably,6
widespread,6
transaction,6
clearly,6
original,6
prohibits,6
ca,6
managing,6
taking,6
held,6
range,6
katzen,6
budget,6
subject,6
scheduled,6
coordinate,6
starting,6
mediation,6
legitimate,6
claim,6
factor,6
vast,6
majority,6
procedures,6
registers,6
contract,6
overseen,6
sued,6
details,6
studying,6
provider,6
stand,6
built,6
cover,6
intended,6
everyone,6
desirable,6
familiar,6
essential,6
reached,6
hyde,6
finance,6
jobs,6
headed,6
old,6
initiative,6
debated,6
specific,6
underwrite,6
word,6
alternatives,6
competing,6
fought,6
contentious,6
someone,6
source,6
lead,6
scrap,6
derive,6
whole,6
content,6
share,6
multiple,6
league,6
goods,6
reisner,6
arguments,6
gov,6
recommendations,6
taxes,6
justices,6
chairwoman,6
attended,6
person,6
1982,6
appeals,6
governors,6
oecd,6
helpful,6
night,6
evslin,6
schrader,6
psinet,6
copyright,6
curve,6
infringement,6
valenti,6
same-old,6
co,5
fasb,5
discourage,5
organization,5
makes,5
'm,5
dispute,5
coming,5
complaints,5
denied,5
manage,5
model,5
21,5
won,5
highly,5
bits,5
point,5
sends,5
points,5
continues,5
hardware,5
automatically,5
procedure,5
appear,5
settlement,5
file,5
life,5
takes,5
huge,5
relaxed,5
cold,5
munitions,5
competitive,5
affairs,5
vermont,5
vital,5
citicorp,5
amendments,5
september,5
pace,5
individual,5
text,5
obtain,5
hearings,5
mergers,5
fourth,5
significantly,5
result,5
advisory,5
portfolio,5
overall,5
effective,5
started,5
spies,5
generals,5
november,5
remove,5
possibly,5
division,5
louis,5
jerry,5
aware,5
organizations,5
correct,5
1999,5
delayed,5
date,5
establishes,5
requirement,5
coded,5
escrow,5
close,5
pending,5
applications,5
customer,5
automated,5
cents,5
practice,5
12,5
followed,5
prohibition,5
6,5
chosen,5
95,5
rapidly,5
payment,5
particular,5
regulate,5
implementation,5
removing,5
else,5
preliminary,5
establish,5
course,5
ultimately,5
signal,5
depression,5
crash,5
offering,5
substantially,5
drafting,5
ad,5
hoc,5
matter,5
biggest,5
estimated,5
basis,5
exceeded,5
raising,5
steve,5
why,5
indicate,5
your,5
unit,5
coordinator,5
arts,5
resolving,5
parties,5
responsible,5
route,5
adminstration,5
va.-based,5
reforming,5
gave,5
worldnet,5
means,5
technological,5
scope,5
influential,5
chicago,5
favored,5
brookings,5
composed,5
easy,5
excluded,5
community,5
freedom,5
scientist,5
version,5
write,5
peter,5
harter,5
delivered,5
conclusions,5
differences,5
creating,5
drew,5
diversified,5
enter,5
complete,5
exemption,5
written,5
60-year-old,5
complained,5
left,5
things,5
wholesale,5
deposits,5
language,5
operate,5
fear,5
july,5
sale,5
bulk,5
city,5
quell,5
designations,5
edu,5
aspects,5
cases,5
contracts,5
off-exchange,5
resolve,5
introduce,5
41,5
outside,5
acting,5
coding,5
real-time,5
tremendous,5
non-banking,5
lifting,5
adopt,5
countered,5
rhode,5
island,5
criticized,4
1993,4
lauch,4
questioned,4
concluded,4
connecticut,4
municipal,4
opened,4
opponent,4
granted,4
defended,4
impact,4
women,4
show,4
regulates,4
carrying,4
suit,4
increasing,4
remains,4
pike,4
northern,4
bytes,4
due,4
mae,4
managed,4
backbone,4
trillion,4
fail,4
13,4
networking,4
congestion,4
developing,4
locations,4
moment,4
university,4
paying,4
transfer,4
actually,4
corporations,4
pro-code,4
sold,4
high-tech,4
overseas,4
pat,4
tough,4
rely,4
arguing,4
changing,4
showed,4
60,4
expect,4
steps,4
helped,4
her,4
list,4
accept,4
release,4
jonah,4
vento,4
provided,4
manhattan,4
acquire,4
merged,4
modest,4
book,4
barred,4
careful,4
signs,4
consider,4
50,4
statistics,4
health,4
role,4
compared,4
passage,4
either,4
towards,4
toward,4
testify,4
1900,4
referred,4
believe,4
pose,4
thrift,4
deadline,4
responses,4
strongest,4
destroy,4
undersecretary,4
buy,4
encrypt,4
machine,4
23,4
risen,4
banned,4
similar,4
cirrus,4
prices,4
monopoly,4
free-market,4
surveyed,4
stored-value,4
dollars,4
extent,4
jung,4
analyst,4
derived,4
developments,4
guidance,4
deals,4
revise,4
j.p.,4
morgan,4
promote,4
understanding,4
progress,4
karen,4
shaw,4
consulting,4
isd/shaw,4
modernization,4
timely,4
soundness,4
controversies,4
advantage,4
double,4
newman,4
revised,4
cut,4
hyland,4
remaining,4
underwritten,4
purchase,4
principally,4
engaged,4
1987,4
ruled,4
permissible,4
sounding,4
variety,4
private-sector,4
resources,4
fix,4
assistant,4
weapons,4
command,4
contact,4
political,4
finished,4
faa,4
estimate,4
powers-king,4
somewhat,4
military,4
needing,4
uunet,4
worldcom,4
org,4
toymaker,4
hasbro,4
lawsuit,4
regain,4
candyland.com,4
nude,4
photographs,4
self-governance,4
fullest,4
tried,4
alternate,4
registrars,4
stability,4
functions,4
26,4
two-year,4
formal,4
worked,4
burrington,4
thought,4
mike,4
seek,4
itself,4
organisations,4
dec.,4
feb.,4
ensure,4
serious,4
detailed,4
crisis,4
americans,4
wait,4
failed,4
kenneth,4
dam,4
scrambles,4
renders,4
idea,4
promising,4
draw,4
conceded,4
really,4
flaws,4
...,4
implement,4
appointed,4
short,4
bad,4
56-bit,4
recovering,4
watch,4
prohibiting,4
preparing,4
break,4
goes,4
author,4
unrestricted,4
criminalize,4
broader,4
prohibited,4
read,4
germany,4
testified,4
merrill,4
lynch,4
exports,4
announcement,4
certainly,4
expressed,4
functional,4
meaning,4
blurred,4
anticipated,4
originally,4
generating,4
settling,4
nine,4
decoding,4
favoured,4
merge,4
wider,4
loophole,4
antiquated,4
105th,4
ducked,4
exception,4
express,4
adviser,4
presidential,4
spending,4
remained,4
charters,4
fast,4
relaxing,4
bag,4
questions,4
creation,4
jack,4
boorman,4
dramatic,4
bankruptcies,4
chapter,4
income,4
widely,4
postal,4
secure,4
involving,4
spread,4
discuss,4
facts,4
viacom,4
mtv,4
music,4
channel,4
mtv.com,4
regaining,4
out-of-court,4
150,4
category,4
amend,4
collecting,4
reading,4
exempt,4
shops,4
wanted,4
independent,4
havoc,4
sophisticated,4
rulings,4
minear,4
lawyer,4
adults,4
lay,4
subscribers,4
faced,4
graduate,4
hewlett-packard,4
saying,4
feel,4
1990,4
injunctions,4
movies,4
confidential,4
turned,4
picture,4
magazine,4
completely,4
two-way,4
cited,4
incentive,4
larocca,4
pleased,4
neighbourhood,4
affiliate,4
follow,4
arising,4
connect,4
inquiry,4
tentatively,4
werbach,4
disk,4
karn,4
atlantic,4
mitchell,4
generated,4
encode,4
views,4
encouraging,4
valuable,4
fears,4
inevitable,4
sharply,3
forcing,3
disclose,3
following,3
orange,3
county,3
exceeding,3
expenses,3
approve,3
caused,3
bound,3
observed,3
wallman,3
worried,3
prominent,3
opposite,3
hiring,3
minorities,3
serving,3
term,3
black,3
expanded,3
litigation,3
serve,3
assess,3
35,3
earning,3
gender,3
bigger,3
luker,3
ways,3
east,3
runs,3
53,3
expensive,3
burden,3
copies,3
cache,3
explained,3
showing,3
transfers,3
video,3
duplication,3
varian,3
pricing,3
predicted,3
individuals,3
delays,3
relatively,3
files,3
gain,3
heavily,3
matrix,3
updated,3
occuring,3
lobby,3
era,3
statute,3
weak,3
losing,3
hamper,3
conduct,3
briefing,3
mathematical,3
formulas,3
nebraska,3
intelligence,3
reaching,3
wired,3
primarily,3
edge,3
edward,3
brought,3
operations,3
query,3
devoted,3
overwhelm,3
media,3
strategy,3
districts,3
entirely,3
gary,3
voting,3
forms,3
farther,3
middle,3
bruce,3
louisiana,3
outlining,3
salomon,3
brothers,3
acquiring,3
highest,3
delinquencies,3
eugene,3
continuing,3
worrisome,3
tighter,3
hopefully,3
positive,3
tightening,3
delinquency,3
requires,3
licenses,3
frustrated,3
lock,3
undecided,3
supporters,3
kerrey,3
opposing,3
kyl,3
massachusetts,3
deputy,3
fbi,3
freeh,3
envoy,3
marc,3
begun,3
checks,3
formed,3
millennium,3
extended,3
prior,3
promise,3
encourage,3
numerous,3
mandatory,3
republicans,3
application,3
rejected,3
saved,3
applied,3
enhance,3
communication,3
advocacy,3
96,3
old-fashioned,3
edmund,3
program,3
mastercard,3
inhibit,3
innovation,3
"17,000",3
editor,3
ones,3
hurt,3
fewer,3
keeping,3
aba,3
south,3
carefully,3
applying,3
parts,3
requiring,3
slowly,3
unlikely,3
associates,3
symposium,3
call,3
aside,3
fdic,3
identify,3
cumming,3
borrower,3
sense,3
creditmetrics,3
meant,3
potentially,3
trends,3
influence,3
profound,3
congressman,3
simply,3
depend,3
afford,3
officer,3
frank,3
drawn,3
modernisation,3
interpreted,3
stocks,3
scrambling,3
update,3
confident,3
sub-committee,3
learned,3
poses,3
fixing,3
stake,3
job,3
crop,3
obviously,3
fine,3
aviation,3
operates,3
mary,3
heads,3
reason,3
estimates,3
surprised,3
projected,3
places,3
hang,3
hat,3
thanks,3
maker,3
arise,3
assuring,3
succeeded,3
persuading,3
processes,3
define,3
stable,3
sustainable,3
vincent,3
cerf,3
operator,3
arthur,3
andersen,3
chaos,3
noting,3
1.2,3
expires,3
registry,3
craft,3
equally,3
official,3
agent,3
informal,3
adequate,3
function,3
filing,3
explain,3
sufficiently,3
medium,3
homeowners,3
lenders,3
borrowers,3
mortgages,3
enactment,3
forum,3
permit,3
excessive,3
selected,3
exporting,3
established,3
endorsement,3
harder,3
encoded,3
endorsing,3
drafted,3
undermine,3
favors,3
moved,3
spoken,3
furthest,3
apart,3
conceal,3
felony,3
replaced,3
historic,3
fell,3
identical,3
discussed,3
reflects,3
principle,3
distinction,3
profit,3
mix,3
russia,3
investigation,3
outdated,3
speak,3
wo,3
anything,3
topics,3
motors,3
protests,3
labor,3
sarbanes,3
owning,3
regulating,3
separated,3
adamantly,3
intertwined,3
degree,3
dozen,3
lawful,3
constructive,3
considerable,3
affiliations,3
postponed,3
enormous,3
block,3
acknowledged,3
powers,3
nearly,3
sought,3
alternative,3
discussing,3
institution,3
backing,3
turn,3
exceed,3
internet2,3
annually,3
therefore,3
becomes,3
portions,3
confusion,3
largely,3
education,3
switches,3
building,3
sort,3
attempts,3
nonfinancial,3
"100,000",3
notion,3
piracy,3
intel,3
grove,3
al,3
gore,3
indicating,3
1.4,3
twice,3
realm,3
schmidt,3
provisions,3
battle,3
resolved,3
disagreement,3
opinion,3
authorities,3
controversey,3
present,3
option,3
bank-like,3
panel,3
types,3
imf,3
actual,3
frequency,3
salem,3
maintain,3
debts,3
usa,3
analysis,3
disputed,3
figures,3
prohibit,3
54,3
threat,3
convenience,3
preferred,3
scam,3
scams,3
shut,3
crooks,3
predictions,3
delivery,3
developed,3
trademarks,3
ought,3
expansion,3
outcome,3
squeeze,3
especially,3
controversy,3
co-chair,3
borders,3
collect,3
merchants,3
fair,3
narrow,3
items,3
conducted,3
bucket,3
forex,3
exempted,3
request,3
true,3
half,3
degrees,3
booming,3
signed,3
justify,3
affecting,3
lotus,3
implementing,3
counter,3
definition,3
mass,3
family,3
encompass,3
employer,3
environment,3
wholly,3
speeches,3
fidelity,3
unfair,3
age,3
unanimously,3
elated,3
santa,3
clause,3
gifts,3
comprehensive,3
engaging,3
alice,3
rivlin,3
unanimous,3
face,3
governor,3
ultimate,3
chair,3
over-the-counter,3
forces,3
baby,3
40-bit,3
proper,3
necessary,3
democrats,3
bass,3
ask,3
larger,3
reintroduce,3
nader,3
approvals,3
weigh,3
responsibilities,3
permitting,3
recognise,3
net-savvy,3
wreak,3
heartened,3
legislate,3
legislature,3
blunt,3
r-pa.,3
trail,3
guarantee,3
mixed,3
decency,3
defeated,3
liability,3
gage,3
fretted,3
pro-internet,3
435,3
ignorant,3
goals,3
motion,3
hollywood,3
dodge,3
sheriff,3
spacious,3
greenhouse,3
ever,3
books,3
works,3
interfere,3
mcintyre,3
inappropriate,3
u.s,2
high-profile,2
underlying,2
unnecessary,2
heading,2
binding,2
christopher,2
instrument,2
neither,2
doubts,2
commissioner,2
steven,2
converted,2
earnings,2
overturn,2
override,2
pressman,2
criticised,2
woefully,2
inadequate,2
promoting,2
lawsuits,2
19th,2
secretaries,2
promotion,2
behalf,2
themselves,2
11,2
ending,2
bias,2
low,2
minority,2
representation,2
hundred,2
jam,2
travelling,2
predict,2
interchange,2
busiest,2
mfs,2
west,2
phased,2
1991,2
contents,2
load,2
one-to-one,2
"5,000",2
adding,2
solve,2
tries,2
travel,2
gone,2
advanced,2
multicasting,2
hagens,2
stream,2
connection,2
quality,2
essentially,2
servers,2
requests,2
links,2
eased,2
speeding,2
surfers,2
sinha,2
improved,2
weather,2
hour,2
mark-up,2
abolish,2
enable,2
parra,2
represents,2
exxon,2
exon,2
gathering,2
sources,2
deciding,2
surge,2
cutting,2
simple,2
eshoo,2
start,2
mann,2
feared,2
happened,2
weissman,2
session,2
find,2
obscenity,2
looks,2
targeted,2
educate,2
ruskin,2
documents,2
assortment,2
records,2
disclosure,2
ground,2
separate,2
minnesota,2
pursue,2
broaden,2
prepared,2
asset,2
size,2
indicated,2
18,2
limitation,2
relates,2
issuing,2
jumped,2
tracking,2
conjunction,2
levels,2
"3,000",2
particularly,2
hand,2
represent,2
effects,2
reducing,2
trend,2
49,2
revives,2
tussles,2
freer,2
notably,2
puts,2
guaranteed,2
slogan,2
buttons,2
allies,2
seemed,2
floor,2
let,2
merits,2
confirmation,2
lake,2
kerry,2
shortly,2
crime,2
baucus,2
leaning,2
return,2
crowell,2
defend,2
vocal,2
rotenberg,2
digits,2
treat,2
confused,2
interagency,2
bug,2
compliant,2
encounter,2
nicholas,2
600,2
vendors,2
examiners,2
implemented,2
regional,2
directors,2
response,2
reviewing,2
immediate,2
circulated,2
criminalizing,2
restricted,2
contended,2
prospect,2
opening,2
vulnerability,2
pressed,2
document,2
sells,2
located,2
doing,2
absolutely,2
doubled,2
watchdog,2
45,2
1.15,2
gouging,2
lift,2
halt,2
publication,2
accelerating,2
davis,2
antitrust,2
implications,2
banded,2
muscle,2
punish,2
higer,2
functioning,2
competitions,2
check,2
860,2
random,2
surcharging,2
93,2
georgia,2
88,2
viginia,2
premature,2
array,2
hundreds,2
cause,2
costly,2
experience,2
e,2
bennett,2
initial,2
welcomed,2
acceptance,2
fundamental,2
solid,2
published,2
sometimes,2
concerning,2
helfer,2
requirements,2
liquidity,2
masters,2
allocation,2
fallen,2
hopelessly,2
lagging,2
repealing,2
wake,2
1929,2
raging,2
exert,2
diminished,2
life-support,2
dead,2
r.-iowa,2
ranking,2
truly,2
sunday,2
baltimore-based,2
valued,2
1.7,2
afoul,2
acquisition,2
constitute,2
pro,2
forma,2
permissable,2
benefited,2
combination,2
relaxation,2
questioning,2
satisfied,2
entrust,2
prudent,2
firewall,2
investor,2
amid,2
glass,2
steagall,2
consultant,2
otherwise,2
00,2
fixed,2
sally,2
coordinating,2
repair,2
administrator,2
prodded,2
slackers,2
alarm,2
solved,2
capable,2
organise,2
allocate,2
awareness,2
fixes,2
shape,2
extensive,2
treating,2
virus,2
emmett,2
paige,2
launch,2
interact,2
operated,2
gulf,2
shutting,2
weapon,2
disaster,2
reasons,2
cheques,2
living,2
cancelled,2
inundated,2
earliest,2
inspects,2
airplanes,2
transportation,2
phase,2
completes,2
painful,2
funding,2
appropriated,2
absorb,2
figured,2
bite,2
bullet,2
2.4,2
2.5,2
slightly,2
2.3,2
ballpark,2
updates,2
371,2
army,2
218,2
navy,2
90,2
defence-related,2
291,2
spenders,2
319,2
veterans,2
144,2
shared,2
gather,2
geneva,2
endorsements,2
memorandum,2
cool,2
reception,2
8,2
praising,2
concept,2
saleable,2
pure,2
unenthusiastic,2
meets,2
intent,2
clough,2
recognize,2
denninger,2
anybody,2
attention,2
entities,2
singled,2
catastrophes,2
timing,2
ranged,2
planned,2
250,2
argues,2
letting,2
contend,2
speaking,2
makers,2
ire,2
snooping,2
conflict,2
overwhelmingly,2
cancel,2
homeowner,2
sufficient,2
pass,2
putting,2
closed,2
advise,2
input,2
medium-strength,2
anyone,2
submit,2
regarding,2
couple,2
garnered,2
thwart,2
promised,2
safdar,2
co-sponsors,2
frontier,2
liberties,2
him,2
penalties,2
easily,2
signers,2
evidence,2
delahunt,2
criminalization,2
compile,2
tangled,2
hottest,2
tone,2
innovative,2
merchant,2
responded,2
controlling,2
disagreed,2
ban,2
fortunes,2
worry,2
newsroom,2
votes,2
acted,2
bureau,2
awaiting,2
crafted,2
positions,2
formally,2
unveil,2
testifies,2
emerge,2
architect,2
slated,2
mr.,2
upstage,2
torn,2
evolved,2
specter,2
merging,2
spring,2
maryland,2
bowing,2
bar,2
disparate,2
intrusion,2
heap,2
narrowed,2
approving,2
decrypt,2
supports,2
uniform,2
buying,2
carmakers,2
knock,2
affiliating,2
widen,2
choices,2
efficiency,2
authorization,2
evolution,2
caution,2
unable,2
modernize,2
stumbling,2
sidestepped,2
success,2
table,2
fearing,2
insurers,2
wants,2
completed,2
foundered,2
threatens,2
non-banks,2
none,2
9,2
scientists,2
gibbons,2
reliability,2
spur,2
build,2
specifically,2
modified,2
involvement,2
tells,2
supposed,2
connections,2
funded,2
foot,2
mainly,2
george,2
strawn,2
peddlers,2
mostly,2
overhauling,2
measured,2
traditionally,2
agriculture,2
dynamic,2
covered,2
gates,2
workers,2
occurred,2
china,2
evade,2
eric,2
patience,2
whatever,2
begins,2
agreement,2
runkel,2
sectors,2
exist,2
limiting,2
maintaining,2
piece,2
climo,2
receive,2
statistical,2
highlighted,2
lists,2
obtaining,2
sure,2
schedule,2
regular,2
subscribed,2
canada,2
switzerland,2
1998,2
direct,2
directions,2
petitions,2
tracks,2
giant,2
loss,2
wiped,2
crone,2
repay,2
brobeck,2
facing,2
yingling,2
banning,2
gao,2
covering,2
rose,2
scheme,2
bogus,2
suspect,2
fortuna,2
deliver,2
involve,2
verify,2
threats,2
tampering,2
relies,2
java,2
pilots,2
indepedent,2
conducting,2
michael,2
inner,2
co-sponsored,2
nine-member,2
objections,2
publicise,2
cable,2
unique,2
easing,2
trustees,2
proviso,2
fleshed,2
ensuing,2
reexamine,2
though,2
architecure,2
telecommunication,2
appoint,2
specialists,2
aimed,2
occur,2
arlen,2
rosenoer,2
maiden,2
deleted,2
reporting,2
kelley,2
dollar,2
wheat,2
corn,2
electricity,2
police,2
objected,2
became,2
dealings,2
180,2
lost,2
dealt,2
prosecute,2
subjecting,2
unworkable,2
prosecuted,2
strike,2
unregulated,2
traded,2
principal,2
moot,2
lugar,2
relied,2
consistent,2
1922,2
argument,2
leaps,2
bounds,2
fluctuated,2
population,2
cyber-activities,2
humphrey,2
taylor,2
polling,2
compuserve,2
addition,2
cheaper,2
internet-only,2
intensely,2
differing,2
surveys,2
varying,2
2.8,2
1.8,2
reinforced,2
educated,2
college,2
graduated,2
results,2
"1,032",2
margin,2
error,2
minus,2
foster,2
traditional,2
sensitive,2
partner,2
steele,2
government-mandated,2
believes,2
evolve,2
johnson,2
researchers,2
jupiter,2
ease,2
appears,2
seriously,2
dating,2
spreading,2
scrambled,2
happy,2
heard,2
struck,2
collusive,2
handed,2
nationwide,2
basically,2
onerous,2
deliberations,2
push,2
shop,2
reflect,2
care,2
modestly,2
encryption-capable,2
approval,2
vandalised,2
breach,2
windows,2
elgan,2
relying,2
affiliates,2
gridlock,2
tables,2
material,2
invade,2
turf,2
bumping,2
swiss,2
decades,2
exclusive,2
purview,2
inroads,2
restriction,2
avenue,2
entering,2
unrelated,2
halfway,2
racial,2
collection,2
race,2
discriminatory,2
hindering,2
ongoing,2
respect,2
provides,2
handle,2
simmering,2
va.,2
handled,2
qualifed,2
iahc,2
formidable,2
accomplished,2
bring,2
via,2
//www.iahc.org,2
17,2
frequently,2
usually,2
holder,2
discovers,2
mcdonald,2
architecture,2
promulgate,2
expense,2
roy,2
bells,2
ride,2
tying,2
lengthy,2
rulemaking,2
thinking,2
initiated,2
distance,2
chance,2
32,2
floppy,2
programming,2
treats,2
classified,2
constitution,2
cooperative,2
non-profits,2
pryor,2
crotty,2
lived,2
distinct,2
presented,2
threatened,2
crashing,2
bringing,2
bear,2
'problem,2
anecdotally,2
24,2
claims,2
'congestion,2
resulting,2
'meltdown,2
greatly,2
exaggerated,2
lee,2
authors,2
expert,2
installation,2
accessing,2
harry,2
modems,2
"200,000",2
"400,000",2
pieces,2
focusing,2
rest,2
congested,2
inexpensively,2
bragged,2
secondary,2
surging,2
telecommuting,2
raymond,2
smith,2
idle,2
plant,2
voice,2
sbc,2
parent,2
southwestern,2
splitting,2
readily,2
misener,2
steering,2
switchs,2
scrapped,2
weighing,2
electric,2
hang-up,2
ownership,2
structure,2
ken,2
guenther,2
concentration,2
broadly,2
ford,2
student,2
cracked,2
trusted,2
duck,2
rally,2
win,2
cooperation,2
data-scrambling,2
implying,2
initiate,2
coincide,2
paris,2
thereby,2
thwarting,2
discharge,2
reconciling,2
determined,2
possibility,2
contending,2
stifles,2
unfettered,2
solace,2
29,2
bodies,2
rec,2
nom,2
achieved,2
panels,2
challenges,2
chain,2
roll,2
albertalli,2
bracewell,2
encyrption,2
introducing,2
pennsylvania,2
occ,2
modernise,2
systemic,2
drexel,2
long-running,2
fence,2
frawley,2
1934,2
dellinger,2
multi-group,2
plain,2
raisler,2
fisher,2
co-sponsor,2
calif.,1
procter,1
gamble,1
aim,1
complications,1
am,1
juncture,1
adequately,1
situations,1
dodd,1
human,1
element,1
interestingly,1
happens,1
applies,1
phil,1
presided,1
expressing,1
fact,1
unprecedented,1
non-binding,1
resolution,1
urging,1
abandon,1
account,1
quashed,1
figure,1
market-sensitive,1
jesse,1
jr.,1
paired,1
persistent,1
critic,1
second-term,1
son,1
well-known,1
leader,1
join,1
forefront,1
diversity,1
similarly,1
situated,1
researcher,1
congressmen,1
validity,1
alleged,1
commend,1
woman,1
non-white,1
"125,000",1
72,1
selection,1
below,1
comparable,1
poor,1
commuters,1
stuck,1
leesburg,1
yards,1
stretches,1
main,1
arteries,1
signing,1
routes,1
brimming,1
imminent,1
demise,1
overcrowding,1
outstripping,1
supply,1
explored,1
ration,1
quantity,1
facility,1
46,1
minor,1
counterpart,1
describes,1
peak,1
loads,1
per,1
financed,1
highway,1
underpinning,1
privately,1
steadily,1
1.3,1
17.8,1
equivalent,1
transfering,1
library,1
crowded,1
fibre,1
optic,1
switching,1
rising,1
interchanges,1
relieve,1
22,1
circuits,1
knowledge,1
brute,1
grants,1
ideas,1
caching,1
duplicate,1
download,1
downloaded,1
grab,1
closer,1
duplicates,1
laboratory,1
improvements,1
repetitive,1
engineering,1
accessed,1
radio,1
stations,1
commonly,1
listener,1
station,1
multicast,1
packets,1
duplicated,1
alter,1
patterns,1
flat,1
regardless,1
considerably,1
taxing,1
videos,1
mature,1
immature,1
hal,1
dean,1
incentives,1
channels,1
tasks,1
carriers,1
completing,1
slowdown,1
experienced,1
surf,1
reside,1
overwhelmed,1
arrive,1
slow,1
modem,1
protocol,1
reduces,1
sanjay,1
solaris,1
server,1
loaded,1
performance,1
directory,1
austin,1
compiles,1
publishes,1
shows,1
headquarters,1
"4,500",1
clogging,1
slows,1
round,1
trips,1
fluctuations,1
rush,1
weekdays,1
log,1
went,1
war-era,1
multinational,1
disadvantage,1
vis-a-vis,1
unacceptable,1
situation,1
gregory,1
garcia,1
electronics,1
bipartisan,1
utilize,1
securely,1
victor,1
messaging,1
boeing,1
pressler,1
aide,1
operatiobns,1
blink,1
eye,1
rarefied,1
glacial,1
equate,1
struggles,1
grips,1
phenomenon,1
election,1
exit,1
polls,1
one-fourth,1
responding,1
skyrocketed,1
begining,1
handful,1
222,1
91,1
flurry,1
chris,1
casey,1
kennedy,1
peals,1
laughter,1
audience,1
nonetheless,1
posting,1
integrated,1
offices,1
anna,1
encompasses,1
silicon,1
valley,1
constituents,1
individualized,1
//www-eshoo.house.gov,1
constituent,1
receives,1
accessible,1
participates,1
chat,1
sessions,1
children,1
transcripts,1
//www.senate.gov/leahy,1
newsgroup,1
mailing,1
respond,1
surprisingly,1
party,1
//www.house.gov/white,1
citizen,1
empowerment,1
restricting,1
//www.ciec.org,1
guides,1
responsibility,1
sections,1
electorate,1
uninformed,1
accountability,1
core,1
emerged,1
eliminated,1
reiterated,1
minimal,1
virtually,1
vigor,1
nuances,1
statements,1
charts,1
hypothetical,1
leave,1
sights,1
chase-salomon,1
percentage-based,1
experimentation,1
prudential,1
distorting,1
values,1
74,1
215,1
off-limits,1
sign,1
overburdened,1
3.72,1
1980,1
3.34,1
bankruptices,1
nationally,1
chartered,1
soundess,1
slippage,1
44,1
chargeoffs,1
6.5,1
220,1
outstanding,1
4.7,1
troubling,1
remind,1
highlight,1
weaker,1
credits,1
pipeline,1
cautious,1
improve,1
economist,1
chessen,1
reversed,1
37,1
drop,1
quarters,1
ticked,1
1.42,1
1.29,1
1.41,1
auto,1
2.03,1
1.95,1
1.87,1
delinquent,1
defined,1
overdue,1
crystallized,1
outspoken,1
surfaced,1
negotiations,1
succeed,1
anthony,1
arizona,1
dropped,1
cia,1
chairs,1
max,1
spokeswomen,1
inclined,1
naomi,1
seligman,1
crystallised,1
prodding,1
prepare,1
mistakenly,1
erroneously,1
trigger,1
wave,1
bounced,1
missed,1
miscalculated,1
dangers,1
dated,1
rollover,1
retsinas,1
supervision,1
rewriting,1
reprogramming,1
errors,1
third-party,1
preparations,1
alerting,1
tested,1
sooner,1
extend,1
ketcha,1
memo,1
calculations,1
topic,1
modify,1
trample,1
citizens,1
produce,1
improper,1
affirms,1
encouragement,1
devolve,1
de,1
facto,1
window,1
carte,1
blanche,1
compel,1
participation,1
stated,1
occassions,1
simmer,1
elsewhere,1
gut,1
bliley,1
stifled,1
ill-conceived,1
conversation,1
complicated,1
proposition,1
encrypts,1
emeryville,1
calif.-based,1
proposing,1
evolving,1
popularize,1
carry,1
tranfer,1
billions,1
evaluated,1
arbitrarily,1
outweigh,1
corresponding,1
compliance,1
sets,1
mistaken,1
inaction,1
regard,1
fledgling,1
utah,1
standardization,1
uncertainty,1
event,1
occurs,1
introduction,1
near,1
killen,1
break-out,1
volume,1
2001,1
fairly,1
parking,1
meters,1
magazines,1
class,1
popularity,1
pondering,1
linked,1
vehicles,1
inevitably,1
accountants,1
tend,1
reacting,1
kroener,1
emphasized,1
describing,1
intend,1
incurred,1
lumping,1
categories,1
swaps,1
ricki,1
embedded,1
basle,1
risk-based,1
accord,1
christine,1
supervison,1
analagous,1
promises,1
defaults,1
implication,1
innovations,1
easier,1
assessing,1
generate,1
transparency,1
blythe,1
kick-start,1
dialogue,1
obvious,1
risk-driven,1
risky,1
modernizing,1
underscores,1
jeopardized,1
luck,1
restructuring,1
modernising,1
nonbank,1
non-permitted,1
obligation,1
1989,1
do-able,1
profitability,1
standpoint,1
adjust,1
reprogramme,1
reacted,1
cautiously,1
vastly,1
prime,1
approached,1
computer-maker,1
please,1
sole,1
jointly,1
spoent,1
set-up,1
happen,1
upon,1
expiration,1
christoper,1
calling,1
enhanced,1
karl,1
founder,1
mcsnet,1
boycott,1
wallet,1
reprogram,1
precautions,1
querying,1
troubled,1
answers,1
miscalculations,1
queried,1
cope,1
devoting,1
solving,1
expects,1
concrete,1
endanger,1
well-being,1
routine,1
joe,1
coyne,1
aggressive,1
coping,1
assist,1
describe,1
year-old,1
valid,1
professor,1
advances,1
bars,1
poorly,1
vulnerabilities,1
echoing,1
nrc,1
reliable,1
confidence,1
cato,1
institutes,1
monster,1
ourselves,1
progressively,1
strength,1
balancing,1
unneccessary,1
421,1
truth,1
resist,1
michelle,1
meier,1
brings,1
automatic,1
cancellation,1
downpayments,1
unfortunately,1
mandates,1
suzanne,1
hutchinson,1
900,1
refinancings,1
forming,1
sue,1
debating,1
restricts,1
governmental,1
intrusions,1
permits,1
emphasizing,1
advised,1
suggestions,1
assure,1
balanced,1
mandate,1
rejigger,1
fronts,1
revision,1
revisions,1
kim,1
willard,1
politically,1
diverse,1
strictly,1
"65,000",1
tougher,1
abide,1
taher,1
elgamal,1
lehman,1
sail,1
shabbir,1
78,1
delete,1
furtherance,1
offence,1
series,1
unintended,1
consequences,1
cybercash,1
digex,1
prosecutors,1
obstruction,1
concealment,1
deadlock,1
pitted,1
broke,1
ageing,1
remarks,1
observing,1
word-for-word,1
totally,1
relevant,1
long-time,1
pointed,1
experiences,1
observers,1
contrary,1
suited,1
longtime,1
doug,1
bereuter,1
history,1
meaningful,1
sits,1
62,1
airline,1
enterprise,1
protest,1
holdings,1
consolidated,1
endeavors,1
basing,1
non-,1
affected,1
'd,1
campbell,1
normal,1
heinmann,1
emphasised,1
precipitously,1
contains,1
deficiencies,1
microsystem,1
employed,1
drug,1
cartels,1
survellience,1
repeatedly,1
genie,1
bottle,1
arguably,1
ludicrous,1
stay,1
contemplating,1
jon,1
englund,1
labour,1
favours,1
unexpected,1
flexibility,1
gotten,1
skirt,1
spelling,1
saw,1
versus,1
thereafter,1
client-server,1
mechanism,1
loosening,1
mount,1
marketing,1
russian-made,1
concluding,1
large-scale,1
exchequer,1
club,1
substantive,1
unresolved,1
judgment,1
long-needed,1
acquired,1
protections,1
griffin,1
track,1
rip-offs,1
blurring,1
boundries,1
irreversible,1
reflected,1
transitional,1
voiced,1
diminish,1
ardent,1
leaves,1
observation,1
repeated,1
referring,1
mad,1
crumble,1
advance,1
knocking,1
uncertainties,1
authorisation,1
chipped,1
hurdles,1
two-month,1
renewed,1
tackle,1
farmer,1
shifts,1
committees,1
mid-june,1
stage,1
apparent,1
retreat,1
fuming,1
recommendation,1
tantamount,1
surrender,1
blow,1
derail,1
decent,1
baby-step,1
unsurprisingly,1
lightning,1
bolt,1
transforms,1
obstacles,1
somebody,1
twist,1
creates,1
accommodate,1
fortune,1
1000,1
goldman,1
sachs,1
earned,1
casualty,1
14,1
marsh,1
mclennan,1
cos,1
finding,1
convince,1
sceptical,1
road,1
blocks,1
soothe,1
lacks,1
fanfare,1
campaign,1
aims,1
uses,1
super,1
high-speed,1
reallocating,1
trouble,1
desk,1
complaining,1
composition,1
rural,1
'next,1
elizabeth,1
gaston,1
priorities,1
me,1
universities,1
sponsorship,1
plumbing,1
frees,1
cutting-edge,1
diffuse,1
receptive,1
arpanet,1
link,1
far-flung,1
centres,1
mid-1980s,1
sprint,1
bbn,1
gathered,1
stars,1
foremost,1
separation,1
choice,1
sidetrack,1
steer,1
examine,1
proponents,1
chairpersons,1
respectively,1
tack,1
excluding,1
gross,1
chose,1
walk,1
line,1
combining,1
bakers,1
loopholes,1
limitations,1
irrelevent,1
accepts,1
structured,1
recapitalize,1
directed,1
high-technology,1
descended,1
andrew,1
morning,1
afternoon,1
daley,1
armed,1
fresh,1
boosting,1
pc,1
statisics,1
accurately,1
capture,1
totaled,1
102.8,1
employing,1
"619,000",1
wages,1
36.4,1
owed,1
indirectly,1
12.5,1
19890,1
gains,1
leaders,1
strengthen,1
11.2,1
proportion,1
extending,1
status,1
cleaning,1
cat,1
novell,1
sedate,1
exercise,1
virtues,1
redrafting,1
varied,1
floated,1
arms,1
overrule,1
instances,1
threatening,1
pratt,1
sprouted,1
outraged,1
guaranteeing,1
puzzle,1
beth,1
surrounds,1
woofies,1
woofie,1
4,1
sequentially,1
stall,1
monetary,1
providing,1
1994-95,1
mexican,1
peso,1
accurate,1
contacts,1
citizenship,1
inform,1
purpose,1
//dsbb.imf.org,1
dissemination,1
argentina,1
denmark,1
finland,1
ireland,1
italy,1
malaysia,1
mexico,1
netherlands,1
norway,1
peru,1
philippines,1
singapore,1
slovenia,1
thailand,1
britain,1
croatia,1
france,1
hungary,1
poland,1
africa,1
sweden,1
turkey,1
austria,1
australia,1
belgium,1
chile,1
iceland,1
israel,1
lithuania,1
discussions,1
subscribe,1
mclenaghan,1
frame,1
hitting,1
"335,073",1
fifth,1
straight,1
quarterly,1
"266,149",1
non-partisan,1
"321,000",1
sustained,1
samuel,1
gerdano,1
filings,1
surpassed,1
suggests,1
surpass,1
hit,1
advanta,1
shocked,1
43,1
gerard,1
klauer,1
mattison,1
depressing,1
profits,1
punched,1
stops,1
issuers,1
ended,1
hawaii,1
61,1
jump,1
closely,1
70,1
unsecured,1
debtor,1
forced,1
reorganizations,1
repaid,1
mounting,1
refutes,1
implicated,1
comparisons,1
stephen,1
federation,1
bankrupt,1
"20,000",1
suddenly,1
claiming,1
cost-effective,1
soak,1
enact,1
switch,1
double-dipping,1
proliferation,1
ed,1
willing,1
newly,1
installed,1
shuttered,1
operators,1
levying,1
proliferated,1
fifteen,1
one-third,1
34,1
320,1
1.14,1
99,1
comes,1
overflowing,1
pyramid,1
//www.fraud.org,1
collects,1
jodie,1
bernstein,1
ftc,1
identifying,1
infancy,1
kept,1
visited,1
"370,000",1
forwarded,1
second-most-popular,1
custom,1
memory,1
chips,1
boards,1
opportunities,1
con,1
artists,1
shares,1
franchise,1
unreasonable,1
misrepresentations,1
rich,1
nationsbank,1
donated,1
sponsor,1
enhancing,1
traveling,1
tampered,1
certified,1
leap,1
blocked,1
stategic,1
bilateral,1
cylink,1
identity,1
senders,1
signature,1
discovered,1
investigate,1
investigates,1
non-electronic,1
mailers,1
manually,1
calculating,1
postage,1
mailings,1
mailer,1
hybrid,1
usurping,1
performed,1
facilitated,1
railroads,1
aircraft,1
remember,1
returned,1
risked,1
lives,1
dangerous,1
duty,1
resiner,1
refering,1
airmail,1
daring,1
alive,1
know,1
navigation,1
aids,1
watching,1
dynamics,1
elementary,1
students,1
kids,1
lacked,1
comparative,1
urban,1
illustrates,1
learning,1
casserly,1
scholastic,1
pull,1
cross-section,1
finish,1
doled,1
descriptive,1
vanity,1
plates,1
confer,1
mid-december,1
beneficial,1
aired,1
minimizing,1
maher,1
hosted,1
england,1
govern,1
multiplying,1
hidden,1
assumption,1
geographical,1
boundaries,1
kaplan,1
onsale,1
auctions,1
merchandise,1
inherently,1
boundary-less,1
originate,1
residents,1
out-of-state,1
sin,1
gambling,1
alcohol,1
differ,1
mavens,1
talking,1
transcends,1
jonathan,1
cyberlaw,1
column,1
medical,1
imagined,1
violations,1
feeding,1
sentiment,1
lexis-nexis,1
deluged,1
p-trak,1
withdrew,1
desire,1
intrude,1
nascent,1
barring,1
heavyhanded,1
pre-emptive,1
demonstrated,1
handicap,1
scheming,1
prosecuting,1
stark,1
projects,1
swindles,1
rocked,1
interpretation,1
offing,1
overtake,1
howard,1
schneider,1
non-agricultural,1
commodities,1
flourishing,1
warrants,1
repurchase,1
unimpeded,1
unscrupulous,1
peddled,1
rip,1
unsuspecting,1
expanding,1
schemes,1
manager,1
hedge,1
investing,1
uphold,1
affirming,1
guilty,1
misconduct,1
wire,1
extreme,1
terrified,1
amicus,1
brief,1
starr,1
whitewater,1
clone,1
darn,1
troublesome,1
young,1
struggle,1
venue,1
r-in,1
repercussions,1
ripped,1
defendants,1
accused,1
players,1
uneccessary,1
advisor,1
clients,1
jeffrey,1
solicitor,1
prosecution,1
antonin,1
scalia,1
sharp,1
rebuke,1
rehnquist,1
prove,1
interjected,1
stumpp,1
friend-of-the-court,1
briefs,1
upheld,1
gigantic,1
throws,1
brooksley,1
born,1
afterwards,1
rendering,1
verdict,1
abiding,1
lag,1
nervous,1
intercepted,1
transit,1
recipient,1
eavesdroppers,1
transmitting,1
brad,1
silverberg,1
government-approved,1
barrier,1
lewis,1
platt,1
market-leading,1
liberalising,1
built-in,1
tabs,1
disabled,1
satisfy,1
shari,1
focuses,1
strong-arming,1
collectors,1
accordingly,1
'bit,1
excise,1
manner,1
emulate,1
neutrality,1
fairness,1
simplicity,1
serves,1
struggling,1
kent,1
kpmg,1
peat,1
marwick,1
myriad,1
fast-paced,1
chaotic,1
buyers,1
sellers,1
complicating,1
evaders,1
anonymity,1
mask,1
offshore,1
evasion,1
intends,1
//www.ustreas.gov,1
flawed,1
backtracking,1
doubt,1
demands,1
accepted,1
radically,1
greg,1
simon,1
internal,1
heidi,1
kukis,1
attempting,1
safeguard,1
reveals,1
absolute,1
revolves,1
consist,1
scale,1
ibm,1
liberalize,1
browne,1
202,1
898-8312,1
battling,1
occupation,1
unfavorable,1
redefined,1
thomas,1
injunction,1
blocking,1
merely,1
circumvent,1
profession,1
chastised,1
rescind,1
refer,1
termed,1
behavior,1
surreptitious,1
underhanded,1
goulian,1
improperly,1
emergency,1
conditions,1
fireworks,1
six-year-old,1
pitting,1
againt,1
occupational,1
victory,1
statutory,1
"3,500",1
expelled,1
"25,000",1
brenda,1
furlow,1
appeal,1
aggressively,1
loses,1
schosberg,1
stretched,1
recognition,1
pursues,1
advisers,1
ira,1
globally,1
censorship,1
principles,1
unites,1
totalled,1
hitch,1
train,1
covers,1
customs,1
echoes,1
stating,1
designated,1
duty-free,1
zone,1
violated,1
dictate,1
format,1
disagreeing,1
characterisation,1
animal,1
solver,1
ideologue,1
polite,1
unclear,1
tell,1
optimistic,1
smiroldo,1
revived,1
ambassador,1
detail,1
acceptable,1
break-in,1
unidentified,1
gained,1
16,1
hate-filled,1
diatribe,1
labelled,1
injustice,1
swastika,1
adolf,1
hitler,1
pulled,1
plug,1
entry,1
vulnerable,1
compromised,1
connected,1
//www.usdoj.gov,1
releases,1
publicly,1
graffiti,1
bert,1
brandenburg,1
islam,1
man,1
"250,000",1
spectacularly,1
insecure,1
holes,1
documented,1
manufacturers,1
unauthorised,1
exploiting,1
motivated,1
anger,1
commercialization,1
theme,1
non-hackers,1
hopeless,1
layers,1
mentioned,1
advertises,1
disseminates,1
identified,1
prevented,1
hole,1
heighten,1
ceiling,1
stolen,1
thunder,1
realities,1
converging,1
checking,1
account-like,1
underwriters,1
words,1
government-insured,1
fret,1
insured,1
subsidy,1
giving,1
venture,1
delivering,1
walling,1
eliminates,1
subsidization,1
estate,1
mistake,1
thompson,1
brokerage,1
latitude,1
rachel,1
robbins,1
welcome,1
rebuffed,1
unusual,1
religion,1
charecteristics,1
ferret,1
except,1
evaluate,1
b,1
economics,1
lawrence,1
lindsey,1
heartfelt,1
characteristics,1
1977,1
described,1
conundrum,1
sees,1
associate,1
combat,1
useful,1
minority-owned,1
unusually,1
creditors,1
associations,1
destinations,1
three-letter,1
//www.gm.com,1
authorised,1
journalist,1
tweaked,1
registering,1
mcdonalds.com,1
fast-food,1
attained,1
prominence,1
belongs,1
authorize,1
interpret,1
susan,1
phillips,1
authorizes,1
ranging,1
mortgage-backed,1
sorts,1
ineligible,1
chipping,1
handicapping,1
restated,1
neighborhood,1
trim,1
rule-making,1
reductions,1
break-up,1
1984,1
supposted,1
deep,1
cuts,1
recommend,1
excess,1
pockets,1
concede,1
prefer,1
gradual,1
reduction,1
neel,1
oligopoly,1
lockstep,1
market-based,1
entrants,1
gradually,1
caps,1
schedules,1
specify,1
relating,1
interstate,1
isps,1
kevin,1
smother,1
exactly,1
jill,1
lesser,1
seeks,1
foward,1
replaces,1
mollify,1
printing,1
severely,1
string,1
forty,1
zeros,1
eligible,1
one-time,1
transamission,1
non-key,1
56,1
exportable,1
six-month,1
renewable,1
manufacturer,1
commits,1
producing,1
submission,1
committments,1
state-of-the,1
art,1
128-bit,1
treated,1
set-top,1
box,1
surfing,1
television,1
applicant,1
license,1
helping,1
criteria,1
listed,1
remaking,1
landscape,1
newt,1
gingrich,1
reelection,1
speaker,1
leadership,1
beneficiaries,1
maximize,1
efficiencies,1
eroding,1
dec,1
garner,1
repeal,1
incidental,1
broker,1
grandfathering,1
transferring,1
castle,1
delaware,1
lazio,1
daily,1
//www.house.gov/banking/,1
violation,1
philip,1
challenged,1
infringed,1
constitutional,1
object,1
marilyn,1
patel,1
d.c.,1
hoping,1
wade,1
midst,1
six-year,1
decides,1
dissolved,1
broken,1
less-efficient,1
tim,1
court-ordered,1
extremely,1
erase,1
oral,1
summer,1
settled,1
gets,1
judicial,1
angered,1
tax-exempt,1
posed,1
wound,1
ordered,1
stop,1
accepting,1
partially,1
suspended,1
declines,1
v,1
et,1
mind-boggling,1
fueled,1
ceo,1
subsidize,1
mind,1
boggling,1
fuelled,1
subsidise,1
prospects,1
bright,1
far-reaching,1
upset,1
actively,1
feeling,1
reformed,1
maybe,1
spurred,1
aetna,1
movement,1
indication,1
omens,1
conglomeration,1
consolidating,1
pushes,1
prolong,1
feels,1
fully,1
concentrate,1
debatable,1
assumptions,1
lined,1
guns,1
representing,1
busily,1
reworking,1
faction,1
recommending,1
pressing,1
front,1
carries,1
weight,1
brewing,1
choosing,1
path,1
amongst,1
contrast,1
alarms,1
veteran,1
advocate,1
ralph,1
conglomerates,1
dominate,1
distortion,1
adverse,1
productivity,1
consolidation,1
recieve,1
rancour,1
difficulty,1
quick,1
applicants,1
explosion,1
tool,1
afforded,1
length,1
smallest,1
ian,1
goldberg,1
sofware,1
40-bits,1
glenwood,1
maryland-based,1
attacks,1
shown,1
lipner,1
computerized,1
refers,1
discussion,1
ambassadors,1
quelling,1
standards-setting,1
store,1
info,1
joining,1
emphasising,1
recreation,1
entertainment,1
desiring,1
nomenclature,1
"4,000",1
consensus-building,1
outcry,1
arose,1
attain,1
setters,1
rendered,1
battles,1
attorneys,1
terry,1
specialist,1
winthrop,1
stimson,1
putnam,1
roberts,1
establishing,1
dole,1
auspices,1
"80,000",1
viability,1
integrity,1
//www.iahc.org/draft-iahc-recommend-00.html,1
spar,1
motor,1
bankamerica,1
high-level,1
ceos,1
capitalized,1
food,1
reportedly,1
meetings,1
represented,1
agricultural,1
gropups,1
feb,1
afl-cio,1
drag,1
century,1
reinstatement,1
trusts,1
monopolies,1
conglomerate,1
earnest,1
sat,1
subcommitee,1
r.-n.y.,1
premise,1
seem,1
entity,1
span,1
devil,1
tearing,1
freed,1
metropolitan,1
spoke,1
shaken,1
modern,1
patchwork,1
freely,1
staunchly,1
forbidden,1
joseph,1
laid,1
citing,1
distort,1
anticompetitive,1
threaten,1
heartily,1
knee-deep,1
proved,1
57,1
matt,1
fink,1
specialised,1
relevent,1
specialized,1
locking,1
forth,1
acronym,1
tweaking,1
patrick,1
unsure,1
internet-related,1
authored,1
scuffle,1
breaking,1
foreshadow,1
overriding,1
imposes,1
towns,1
pushing,1
successful,1
restrictive,1
banks-in-insurance,1
urgently,1
wasteful,1
pointless,1
fired,1
preempting,1
writing,1
burdensome,1
personnel,1
avert,1
atlanta,1
spreads,1
undermines,1
behave,1
reaction,1
failure,1
burnham,1
lambert,1
1980s,1
collapse,1
cascade,1
failures,1
lent,1
liquidated,1
orderly,1
fashion,1
crises,1
occasions,1
breakout,1
stem,1
atomic,1
erosion,1
returning,1
nuclear,1
analogy,1
obsolete,1
partly,1
evolves,1
periodically,1
y,1
stuff,1
unbelievable,1
elaborating,1
alters,1
strip,1
workings,1
chagrined,1
disappear,1
divided,1
entrusted,1
preventing,1
contradictory,1
institutional,1
less-sophisticated,1
retail,1
appropriately,1
pro-market,1
etcetera,1
housekeeping,1
seal,1
stamped,1
reconsider,1
appellate,1
delaying,1
delineate,1
schaefer,1
everywhere,1
winners,1
schaeffer,1
ogilvie,1
enfocement,1
upcoming,1
affects,1
"3,600",1
walter,1
instability,1
persons,1
diversification,1
tiny,1
grew,1
throw,1
lose,1
daniel,1
mica,1
exempting,1
japanese,1
yen,1
recogized,1
mercantile,1
requested,1
believed,1
overregulated,1
stayed,1
inter-bank,1
small-scale,1
pursued,1
'transactions,1
stevens,1
persuaded,1
narrower,1
sided,1
delighted,1
wrongdoing,1
dwarfed,1
unsuccessfully,1
constituted,1
note,1
dan,1
waldman,1
amending,1
underlines,1
andy,1
sens,1
dick,1
r-ind.,1
d-vt.,1
harkin,1
d-iowa,1
proceed,1
invited,1
recognising,1
secret,1
transmitted,1
impossible,1
administrations,1
supplier,1
restrict,1
posing,1
terrorist,1
obstruct,1
signalled,1
displeasure,1
balance,1
door,1
hailed,1
fastest-growing,1
holleyman,1
apple,1
